{
  "version": 1,
  "author": "Bruna Sousa Valério dos Santos",
  "editor": "wokwi",
  "parts": [
    { "type": "wokwi-esp32-devkit-v1", "id": "esp", "top": -20, "left": -40, "attrs": {} },
    {
      "type": "wokwi-led",
      "id": "led",
      "top": -20,
      "left": 150,
      "rotate": 90,
      "attrs": { "color": "red" }
    }
  ],
  "connections": [
    [ "esp:TX0", "$serialMonitor:RX", "", [] ],
    [ "esp:RX0", "$serialMonitor:TX", "", [] ],
    [ "esp:D15", "led:A", "green", [ "h0" ] ],
    [ "esp:GND.1", "led:C", "black", [ "v0" ] ]
  ],
  "dependencies": {}
}