[
    {
        "id": "6e7c7a7c271c7e85",
        "type": "tab",
        "label": "Fluxo 1",
        "disabled": false,
        "info": "",
        "env": []
    },
    {
        "id": "7d9e9d3e3670dd93",
        "type": "mqtt in",
        "z": "6e7c7a7c271c7e85",
        "name": "",
        "topic": "bruna/sensor/umidade",
        "qos": "0",
        "datatype": "auto-detect",
        "broker": "aca177be63aac5de",
        "nl": false,
        "rap": true,
        "rh": 0,
        "inputs": 0,
        "x": 180,
        "y": 260,
        "wires": [
            [
                "3e8aafcefc6ecde5",
                "78ef67312ca1a93c",
                "72f96d93669fbc44"
            ]
        ]
    },
    {
        "id": "eeb15bafa67aed77",
        "type": "mqtt out",
        "z": "6e7c7a7c271c7e85",
        "name": "",
        "topic": "bruna/atuador/led",
        "qos": "",
        "retain": "",
        "respTopic": "",
        "contentType": "",
        "userProps": "",
        "correl": "",
        "expiry": "",
        "broker": "aca177be63aac5de",
        "x": 610,
        "y": 400,
        "wires": []
    },
    {
        "id": "3e8aafcefc6ecde5",
        "type": "function",
        "z": "6e7c7a7c271c7e85",
        "name": "function 1",
        "func": "if (msg.payload < 30) {\n  msg.payload = \"ON\";\n} else {\n  msg.payload = \"OFF\";\n}\nreturn msg;\n",
        "outputs": 1,
        "timeout": 0,
        "noerr": 0,
        "initialize": "",
        "finalize": "",
        "libs": [],
        "x": 420,
        "y": 400,
        "wires": [
            [
                "eeb15bafa67aed77",
                "c01433d1685f218b"
            ]
        ]
    },
    {
        "id": "3f7824c89b8604f4",
        "type": "debug",
        "z": "6e7c7a7c271c7e85",
        "name": "debug 1",
        "active": true,
        "tosidebar": true,
        "console": false,
        "tostatus": false,
        "complete": "payload",
        "targetType": "msg",
        "statusVal": "",
        "statusType": "auto",
        "x": 740,
        "y": 180,
        "wires": []
    },
    {
        "id": "a796c20d586f2c78",
        "type": "http request",
        "z": "6e7c7a7c271c7e85",
        "name": "",
        "method": "GET",
        "ret": "txt",
        "paytoqs": "ignore",
        "url": "https://api.callmebot.com/whatsapp.php?phone=5511996467760&text=%E2%9A%A0%EF%B8%8F%20Alerta%3A%20Umidade%20abaixo%20de%2030%25%21%20LED%20acionado.&apikey=2363458",
        "tls": "",
        "persist": false,
        "proxy": "",
        "insecureHTTPParser": false,
        "authType": "",
        "senderr": false,
        "headers": [],
        "x": 560,
        "y": 180,
        "wires": [
            [
                "3f7824c89b8604f4"
            ]
        ]
    },
    {
        "id": "78ef67312ca1a93c",
        "type": "switch",
        "z": "6e7c7a7c271c7e85",
        "name": "status",
        "property": "payload",
        "propertyType": "msg",
        "rules": [
            {
                "t": "lt",
                "v": "30",
                "vt": "num"
            },
            {
                "t": "btwn",
                "v": "30",
                "vt": "num",
                "v2": "60",
                "v2t": "num"
            }
        ],
        "checkall": "true",
        "repair": false,
        "outputs": 2,
        "x": 410,
        "y": 260,
        "wires": [
            [
                "a796c20d586f2c78"
            ],
            [
                "d0da5759a1ac3bb4"
            ]
        ]
    },
    {
        "id": "c01433d1685f218b",
        "type": "debug",
        "z": "6e7c7a7c271c7e85",
        "name": "debug 2",
        "active": true,
        "tosidebar": true,
        "console": false,
        "tostatus": false,
        "complete": "false",
        "statusVal": "",
        "statusType": "auto",
        "x": 600,
        "y": 460,
        "wires": []
    },
    {
        "id": "d0da5759a1ac3bb4",
        "type": "http request",
        "z": "6e7c7a7c271c7e85",
        "name": "",
        "method": "GET",
        "ret": "txt",
        "paytoqs": "ignore",
        "url": "https://api.callmebot.com/whatsapp.php?phone=5511996467760&text=%E2%9C%85%20Umidade%20normal%20entre%2030%25%20e%2060%25.&apikey=2363458",
        "tls": "",
        "persist": false,
        "proxy": "",
        "insecureHTTPParser": false,
        "authType": "",
        "senderr": false,
        "headers": [],
        "x": 580,
        "y": 260,
        "wires": [
            [
                "efb3454ebc602dfa"
            ]
        ]
    },
    {
        "id": "efb3454ebc602dfa",
        "type": "debug",
        "z": "6e7c7a7c271c7e85",
        "name": "debug 3",
        "active": true,
        "tosidebar": true,
        "console": false,
        "tostatus": false,
        "complete": "payload",
        "targetType": "msg",
        "statusVal": "",
        "statusType": "auto",
        "x": 740,
        "y": 260,
        "wires": []
    },
    {
        "id": "72f96d93669fbc44",
        "type": "influxdb out",
        "z": "6e7c7a7c271c7e85",
        "influxdb": "6218cb08798c55c5",
        "name": "",
        "measurement": "umidade",
        "precision": "",
        "retentionPolicy": "",
        "database": "database",
        "precisionV18FluxV20": "ms",
        "retentionPolicyV18Flux": "",
        "org": "Grupo13-org",
        "bucket": "grupo13-umidade",
        "x": 570,
        "y": 120,
        "wires": []
    },
    {
        "id": "aca177be63aac5de",
        "type": "mqtt-broker",
        "name": "",
        "broker": "broker.hivemq.com",
        "port": 1883,
        "clientid": "",
        "autoConnect": true,
        "usetls": false,
        "protocolVersion": 4,
        "keepalive": "202",
        "cleansession": true,
        "autoUnsubscribe": true,
        "birthTopic": "",
        "birthQos": "0",
        "birthRetain": "false",
        "birthPayload": "",
        "birthMsg": {},
        "closeTopic": "",
        "closeQos": "0",
        "closeRetain": "false",
        "closePayload": "",
        "closeMsg": {},
        "willTopic": "",
        "willQos": "0",
        "willRetain": "false",
        "willPayload": "",
        "willMsg": {},
        "userProps": "",
        "sessionExpiry": ""
    },
    {
        "id": "6218cb08798c55c5",
        "type": "influxdb",
        "hostname": "127.0.0.1",
        "port": 8086,
        "protocol": "http",
        "database": "database",
        "name": "InfluxDB Cloud",
        "usetls": false,
        "tls": "",
        "influxdbVersion": "2.0",
        "url": "https://us-east-1-1.aws.cloud2.influxdata.com",
        "timeout": 10,
        "rejectUnauthorized": true
    }
]