{
  "version": 1,
  "author": "Bruna Sousa Valério dos Santos",
  "editor": "wokwi",
  "parts": [
    { "type": "wokwi-esp32-devkit-v1", "id": "esp", "top": -4.9, "left": -62.6, "attrs": {} },
    {
      "type": "wokwi-dht22",
      "id": "dht",
      "top": 38.7,
      "left": 109.8,
      "attrs": { "temperature": "5.5", "humidity": "43" }
    }
  ],
  "connections": [
    [ "esp:TX0", "$serialMonitor:RX", "", [] ],
    [ "esp:RX0", "$serialMonitor:TX", "", [] ],
    [ "dht:VCC", "esp:3V3", "red", [ "v0" ] ],
    [ "dht:SDA", "esp:D15", "green", [ "v0" ] ],
    [ "dht:GND", "esp:GND.1", "black", [ "v0" ] ]
  ],
  "dependencies": {}
}